User_ID,aux
0,10
1,16
2,15
3,7
4,20
5,9
6,1
7,12
8,17
9,1
10,1
11,12
12,1
13,0
14,7
15,0
16,1
17,3
18,10
19,14
20,16
21,15
22,0
23,7
24,4
25,7
26,11
27,1
28,7
29,7
30,7
31,0
32,3
33,0
34,1
35,3
36,9
37,4
38,4
39,0
40,4
41,8
42,12
43,17
44,16
45,19
46,4
47,4
48,12
49,2
50,10
51,4
52,0
53,1
54,12
55,20
56,19
57,2
58,1
59,1
60,17
61,3
62,4
63,1
64,12
65,18
66,5
67,4
68,1
69,4
70,14
71,0
72,4
73,14
74,10
75,7
76,4
77,1
78,0
79,1
80,0
81,17
82,2
83,4
84,4
85,10
86,14
87,1
88,9
89,13
90,7
91,4
92,17
93,17
94,0
95,16
96,3
97,7
98,10
99,17
100,3
101,19
102,7
103,12
104,12
105,11
106,18
107,12
108,15
109,2
110,15
111,16
112,12
113,2
114,17
115,17
116,17
117,17
118,10
119,11
120,7
121,4
122,9
123,7
124,14
125,9
126,3
127,6
128,11
129,17
130,4
131,17
132,0
133,0
134,4
135,2
136,6
137,20
138,20
139,1
140,13
141,7
142,3
143,17
144,4
145,20
146,4
147,17
148,1
149,7
150,20
151,4
152,10
153,20
154,12
155,7
156,16
157,7
158,0
159,7
160,16
161,4
162,4
163,13
164,16
165,4
166,11
167,0
168,7
169,11
170,17
171,3
172,0
173,16
174,2
175,3
176,1
177,17
178,0
179,12
180,17
181,4
182,1
183,0
184,0
185,5
186,1
187,16
188,0
189,17
190,4
191,1
192,15
193,10
194,12
195,9
196,14
197,12
198,4
199,4
200,2
201,4
202,4
203,7
204,12
205,17
206,12
207,17
208,1
209,10
210,17
211,16
212,4
213,20
214,14
215,13
216,4
217,14
218,4
219,12
220,0
221,1
222,17
223,4
224,7
225,1
226,20
227,15
228,10
229,1
230,3
231,20
232,20
233,7
234,0
235,5
236,6
237,7
238,19
239,17
240,20
241,4
242,16
243,7
244,16
245,4
246,17
247,17
248,14
249,16
250,17
251,12
252,11
253,17
254,0
255,16
256,18
257,7
258,1
259,19
260,20
261,1
262,7
263,0
264,7
265,11
266,12
267,12
268,2
269,14
270,4
271,0
272,4
273,4
274,0
275,16
276,1
277,18
278,14
279,7
280,0
281,17
282,0
283,12
284,0
285,1
286,13
287,12
288,0
289,20
290,12
291,7
292,1
293,9
294,0
295,5
296,2
297,4
298,12
299,7
300,4
301,4
302,7
303,0
304,0
305,0
306,16
307,2
308,4
309,4
310,4
311,2
312,4
313,9
314,1
315,13
316,7
317,13
318,6
319,6
320,4
321,17
322,12
323,17
324,3
325,11
326,18
327,12
328,7
329,7
330,7
331,1
332,2
333,2
334,18
335,0
336,19
337,7
338,7
339,3
340,13
341,12
342,3
343,14
344,12
345,0
346,1
347,7
348,10
349,20
350,4
351,4
352,7
353,1
354,3
355,20
356,0
357,1
358,17
359,17
360,14
361,20
362,10
363,1
364,4
365,15
366,12
367,0
368,1
369,17
370,4
371,4
372,2
373,14
374,2
375,1
376,17
377,0
378,1
379,2
380,17
381,20
382,7
383,11
384,6
385,0
386,7
387,0
388,6
389,4
390,11
391,7
392,17
393,0
394,5
395,1
396,17
397,17
398,6
399,3
400,0
401,11
402,4
403,4
404,1
405,20
406,17
407,11
408,12
409,1
410,1
411,15
412,11
413,0
414,0
415,14
416,0
417,3
418,3
419,1
420,3
421,17
422,4
423,17
424,12
425,4
426,12
427,4
428,0
429,10
430,10
431,16
432,6
433,3
434,7
435,4
436,17
437,11
438,14
439,1
440,1
441,1
442,3
443,0
444,12
445,0
446,11
447,17
448,7
449,1
450,13
451,17
452,4
453,20
454,2
455,0
456,4
457,16
458,4
459,18
460,7
461,16
462,7
463,4
464,19
465,5
466,3
467,10
468,6
469,10
470,7
471,0
472,4
473,17
474,2
475,0
476,14
477,16
478,12
479,4
480,7
481,14
482,12
483,10
484,7
485,0
486,17
487,12
488,4
489,10
490,4
491,12
492,7
493,0
494,10
495,4
496,17
497,17
498,1
499,2
500,2
501,6
502,11
503,2
504,17
505,16
506,0
507,12
508,2
509,12
510,4
511,0
512,0
513,2
514,1
515,14
516,14
517,12
518,14
519,20
520,7
521,12
522,7
523,0
524,6
525,17
526,2
527,17
528,12
529,2
530,14
531,7
532,12
533,15
534,6
535,20
536,14
537,16
538,2
539,1
540,4
541,4
542,5
543,12
544,17
545,0
546,12
547,16
548,6
549,8
550,20
551,18
552,2
553,12
554,4
555,9
556,1
557,20
558,7
559,15
560,14
561,20
562,4
563,1
564,16
565,17
566,20
567,17
568,4
569,4
570,5
571,4
572,2
573,19
574,12
575,15
576,0
577,17
578,5
579,10
580,14
581,4
582,0
583,0
584,1
585,14
586,20
587,11
588,2
589,6
590,0
591,0
592,1
593,13
594,7
595,1
596,12
597,7
598,6
599,17
600,20
601,6
602,6
603,17
604,4
605,10
606,0
607,4
608,7
609,4
610,0
611,7
612,20
613,1
614,17
615,7
616,7
617,0
618,1
619,0
620,4
621,0
622,17
623,1
624,12
625,4
626,2
627,0
628,10
629,14
630,17
631,17
632,17
633,10
634,17
635,20
636,12
637,6
638,17
639,4
640,0
641,1
642,2
643,20
644,20
645,7
646,12
647,12
648,4
649,17
650,7
651,20
652,13
653,7
654,2
655,16
656,13
657,0
658,0
659,16
660,1
661,4
662,7
663,18
664,2
665,0
666,18
667,3
668,17
669,12
670,4
671,7
672,20
673,17
674,20
675,16
676,2
677,0
678,16
679,12
680,7
681,4
682,4
683,4
684,4
685,4
686,7
687,13
688,0
689,12
690,11
691,0
692,12
693,4
694,1
695,12
696,6
697,4
698,0
699,17
700,4
701,7
702,1
703,8
704,4
705,20
706,7
707,0
708,0
709,20
710,18
711,0
712,7
713,4
714,0
715,4
716,11
717,2
718,0
719,0
720,9
721,12
722,12
723,13
724,11
725,9
726,11
727,6
728,12
729,0
730,3
731,7
732,16
733,7
734,14
735,12
736,19
737,17
738,12
739,14
740,5
741,0
742,2
743,17
744,10
745,19
746,4
747,0
748,18
749,9
750,17
751,3
752,10
753,7
754,0
755,0
756,12
757,7
758,3
759,15
760,7
761,10
762,10
763,20
764,17
765,7
766,12
767,12
768,17
769,4
770,1
771,12
772,6
773,4
774,17
775,3
776,19
777,17
778,0
779,17
780,4
781,1
782,4
783,0
784,19
785,0
786,4
787,0
788,1
789,17
790,7
791,17
792,14
793,20
794,14
795,6
796,7
797,20
798,5
799,12
800,20
801,16
802,4
803,20
804,12
805,0
806,4
807,7
808,17
809,12
810,0
811,6
812,4
813,4
814,4
815,0
816,4
817,4
818,7
819,7
820,2
821,1
822,0
823,12
824,1
825,1
826,2
827,4
828,19
829,7
830,0
831,2
832,7
833,12
834,0
835,11
836,7
837,17
838,0
839,3
840,14
841,0
842,7
843,0
844,0
845,5
846,7
847,15
848,3
849,0
850,4
851,5
852,17
853,16
854,2
855,6
856,17
857,14
858,12
859,0
860,7
861,7
862,7
863,0
864,1
865,10
866,12
867,17
868,20
869,1
870,10
871,1
872,6
873,15
874,10
875,4
876,0
877,2
878,16
879,17
880,14
881,2
882,14
883,10
884,0
885,0
886,16
887,10
888,20
889,4
890,1
891,0
892,6
893,4
894,1
895,15
896,6
897,7
898,1
899,13
900,0
901,0
902,13
903,20
904,12
905,10
906,6
907,1
908,7
909,0
910,0
911,2
912,0
913,9
914,7
915,1
916,6
917,1
918,1
919,4
920,17
921,16
922,7
923,17
924,3
925,10
926,20
927,16
928,15
929,5
930,1
931,6
932,1
933,7
934,14
935,4
936,15
937,1
938,20
939,10
940,20
941,6
942,12
943,0
944,7
945,7
946,0
947,12
948,17
949,7
950,2
951,16
952,20
953,0
954,7
955,1
956,1
957,2
958,11
959,10
960,10
961,1
962,0
963,7
964,7
965,2
966,0
967,12
968,11
969,0
970,12
971,1
972,1
973,19
974,0
975,14
976,2
977,0
978,10
979,6
980,20
981,9
982,16
983,16
984,4
985,0
986,17
987,11
988,0
989,6
990,9
991,3
992,0
993,2
994,4
995,17
996,19
997,20
998,15
999,6
1000,4
1001,11
1002,2
1003,3
1004,11
1005,4
1006,12
1007,3
1008,7
1009,0
1010,8
1011,1
1012,13
1013,17
1014,3
1015,16
1016,0
1017,4
1018,1
1019,20
1020,0
1021,3
1022,13
1023,1
1024,16
1025,0
1026,4
1027,7
1028,0
1029,7
1030,16
1031,16
1032,5
1033,1
1034,2
1035,7
1036,7
1037,15
1038,1
1039,11
1040,2
1041,5
1042,11
1043,20
1044,10
1045,18
1046,0
1047,6
1048,14
1049,1
1050,0
1051,2
1052,0
1053,10
1054,0
1055,0
1056,17
1057,1
1058,0
1059,10
1060,0
1061,19
1062,7
1063,7
1064,0
1065,12
1066,12
1067,4
1068,20
1069,2
1070,16
1071,7
1072,6
1073,17
1074,6
1075,3
1076,3
1077,9
1078,7
1079,7
1080,4
1081,7
1082,0
1083,19
1084,7
1085,4
1086,16
1087,10
1088,6
1089,7
1090,5
1091,4
1092,14
1093,0
1094,6
1095,10
1096,17
1097,7
1098,17
1099,0
1100,1
1101,1
1102,7
1103,11
1104,6
1105,4
1106,1
1107,1
1108,10
1109,6
1110,16
1111,6
1112,4
1113,9
1114,1
1115,15
1116,14
1117,13
1118,1
1119,4
1120,7
1121,14
1122,0
1123,2
1124,4
1125,16
1126,0
1127,1
1128,17
1129,7
1130,13
1131,12
1132,2
1133,20
1134,13
1135,7
1136,4
1137,12
1138,1
1139,2
1140,3
1141,1
1142,7
1143,7
1144,3
1145,16
1146,20
1147,17
1148,12
1149,20
1150,15
1151,4
1152,10
1153,10
1154,12
1155,2
1156,7
1157,1
1158,0
1159,14
1160,0
1161,0
1162,10
1163,19
1164,12
1165,6
1166,1
1167,0
1168,20
1169,3
1170,12
1171,0
1172,7
1173,16
1174,2
1175,1
1176,17
1177,0
1178,1
1179,20
1180,7
1181,10
1182,19
1183,4
1184,1
1185,19
1186,0
1187,7
1188,0
1189,0
1190,0
1191,16
1192,12
1193,1
1194,10
1195,14
1196,1
1197,10
1198,13
1199,0
1200,4
1201,12
1202,1
1203,7
1204,0
1205,7
1206,0
1207,0
1208,7
1209,17
1210,4
1211,1
1212,0
1213,13
1214,17
1215,2
1216,12
1217,15
1218,7
1219,10
1220,0
1221,0
1222,2
1223,13
1224,7
1225,20
1226,1
1227,1
1228,4
1229,11
1230,12
1231,4
1232,20
1233,4
1234,7
1235,1
1236,4
1237,20
1238,20
1239,14
1240,10
1241,0
1242,15
1243,4
1244,17
1245,4
1246,0
1247,20
1248,2
1249,0
1250,7
1251,13
1252,20
1253,1
1254,17
1255,20
1256,14
1257,7
1258,7
1259,17
1260,4
1261,4
1262,10
1263,1
1264,20
1265,4
1266,15
1267,2
1268,13
1269,6
1270,6
1271,20
1272,2
1273,7
1274,17
1275,17
1276,0
1277,4
1278,1
1279,10
1280,19
1281,1
1282,1
1283,16
1284,4
1285,17
1286,7
1287,19
1288,6
1289,0
1290,0
1291,7
1292,5
1293,20
1294,6
1295,0
1296,7
1297,6
1298,14
1299,10
1300,2
1301,4
1302,19
1303,14
1304,20
1305,3
1306,13
1307,10
1308,14
1309,0
1310,10
1311,14
1312,4
1313,4
1314,7
1315,2
1316,7
1317,16
1318,3
1319,4
1320,14
1321,0
1322,2
1323,16
1324,1
1325,0
1326,10
1327,14
1328,14
1329,1
1330,0
1331,7
1332,17
1333,7
1334,0
1335,20
1336,17
1337,0
1338,18
1339,7
1340,7
1341,0
1342,14
1343,9
1344,2
1345,20
1346,1
1347,10
1348,7
1349,0
1350,17
1351,20
1352,10
1353,2
1354,20
1355,4
1356,0
1357,17
1358,1
1359,20
1360,0
1361,12
1362,7
1363,2
1364,10
1365,10
1366,12
1367,3
1368,5
1369,2
1370,2
1371,10
1372,1
1373,1
1374,5
1375,1
1376,16
1377,7
1378,13
1379,10
1380,11
1381,1
1382,7
1383,10
1384,5
1385,0
1386,13
1387,20
1388,17
1389,16
1390,15
1391,3
1392,4
1393,3
1394,2
1395,12
1396,7
1397,16
1398,17
1399,7
1400,1
1401,4
1402,0
1403,16
1404,13
1405,4
1406,15
1407,0
1408,4
1409,7
1410,1
1411,17
1412,3
1413,4
1414,14
1415,14
1416,16
1417,4
1418,1
1419,4
1420,10
1421,17
1422,4
1423,0
1424,10
1425,14
1426,12
1427,11
1428,3
1429,4
1430,6
1431,1
1432,14
1433,10
1434,14
1435,6
1436,3
1437,2
1438,3
1439,12
1440,16
1441,2
1442,2
1443,4
1444,2
1445,12
1446,4
1447,3
1448,20
1449,4
1450,20
1451,13
1452,14
1453,4
1454,0
1455,2
1456,1
1457,0
1458,0
1459,4
1460,0
1461,16
1462,16
1463,12
1464,16
1465,4
1466,5
1467,14
1468,20
1469,4
1470,17
1471,7
1472,14
1473,4
1474,2
1475,0
1476,1
1477,10
1478,2
1479,20
1480,17
1481,7
1482,4
1483,12
1484,9
1485,16
1486,7
1487,7
1488,2
1489,7
1490,4
1491,12
1492,14
1493,17
1494,0
1495,17
1496,5
1497,4
1498,10
1499,17
1500,11
1501,4
1502,12
1503,19
1504,11
1505,7
1506,17
1507,10
1508,0
1509,1
1510,12
1511,20
1512,16
1513,4
1514,16
1515,12
1516,0
1517,2
1518,4
1519,17
1520,7
1521,20
1522,17
1523,4
1524,16
1525,17
1526,10
1527,15
1528,4
1529,4
1530,17
1531,14
1532,1
1533,12
1534,20
1535,3
1536,20
1537,3
1538,3
1539,0
1540,17
1541,17
1542,11
1543,12
1544,20
1545,4
1546,13
1547,1
1548,6
1549,4
1550,11
1551,20
1552,15
1553,12
1554,0
1555,4
1556,4
1557,6
1558,8
1559,3
1560,4
1561,20
1562,10
1563,1
1564,17
1565,16
1566,12
1567,10
1568,13
1569,17
1570,20
1571,3
1572,0
1573,6
1574,7
1575,9
1576,0
1577,4
1578,0
1579,4
1580,4
1581,0
1582,6
1583,19
1584,20
1585,7
1586,3
1587,11
1588,0
1589,1
1590,7
1591,7
1592,16
1593,20
1594,1
1595,5
1596,12
1597,13
1598,0
1599,7
1600,12
1601,7
1602,0
1603,11
1604,0
1605,3
1606,1
1607,11
1608,9
1609,11
1610,0
1611,17
1612,20
1613,0
1614,7
1615,0
1616,12
1617,0
1618,3
1619,20
1620,4
1621,4
1622,15
1623,0
1624,0
1625,4
1626,17
1627,20
1628,4
1629,17
1630,0
1631,16
1632,7
1633,0
1634,0
1635,19
1636,0
1637,17
1638,17
1639,17
1640,0
1641,13
1642,2
1643,12
1644,9
1645,20
1646,18
1647,14
1648,19
1649,19
1650,12
1651,16
1652,0
1653,0
1654,4
1655,17
1656,0
1657,6
1658,9
1659,2
1660,7
1661,12
1662,4
1663,4
1664,17
1665,14
1666,16
1667,2
1668,17
1669,13
1670,0
1671,17
1672,10
1673,2
1674,6
1675,4
1676,14
1677,17
1678,12
1679,20
1680,4
1681,2
1682,7
1683,3
1684,12
1685,12
1686,3
1687,4
1688,5
1689,16
1690,17
1691,20
1692,12
1693,12
1694,1
1695,7
1696,4
1697,2
1698,19
1699,20
1700,4
1701,10
1702,15
1703,4
1704,4
1705,20
1706,1
1707,0
1708,0
1709,0
1710,4
1711,0
1712,0
1713,17
1714,16
1715,0
1716,6
1717,4
1718,16
1719,4
1720,19
1721,0
1722,17
1723,4
1724,19
1725,2
1726,16
1727,4
1728,7
1729,4
1730,0
1731,4
1732,14
1733,17
1734,20
1735,8
1736,20
1737,16
1738,16
1739,1
1740,7
1741,15
1742,17
1743,12
1744,0
1745,4
1746,0
1747,1
1748,2
1749,5
1750,20
1751,3
1752,6
1753,19
1754,4
1755,1
1756,4
1757,0
1758,16
1759,3
1760,0
1761,14
1762,7
1763,0
1764,4
1765,0
1766,20
1767,16
1768,17
1769,16
1770,17
1771,2
1772,4
1773,17
1774,4
1775,0
1776,20
1777,4
1778,1
1779,1
1780,0
1781,0
1782,4
1783,20
1784,4
1785,1
1786,8
1787,2
1788,10
1789,0
1790,4
1791,2
1792,4
1793,11
1794,17
1795,11
1796,7
1797,11
1798,11
1799,4
1800,6
1801,4
1802,2
1803,7
1804,4
1805,4
1806,17
1807,4
1808,14
1809,13
1810,2
1811,12
1812,6
1813,7
1814,1
1815,9
1816,1
1817,8
1818,12
1819,20
1820,20
1821,0
1822,1
1823,4
1824,7
1825,11
1826,1
1827,4
1828,16
1829,4
1830,4
1831,4
1832,17
1833,5
1834,19
1835,0
1836,2
1837,7
1838,4
1839,12
1840,0
1841,4
1842,12
1843,4
1844,2
1845,12
1846,4
1847,5
1848,7
1849,5
1850,19
1851,12
1852,0
1853,0
1854,4
1855,7
1856,10
1857,4
1858,4
1859,16
1860,16
1861,14
1862,4
1863,7
1864,1
1865,7
1866,7
1867,11
1868,14
1869,13
1870,1
1871,20
1872,7
1873,7
1874,12
1875,12
1876,20
1877,10
1878,4
1879,0
1880,2
1881,16
1882,0
1883,20
1884,17
1885,12
1886,15
1887,12
1888,14
1889,6
1890,1
1891,20
1892,0
1893,7
1894,14
1895,13
1896,2
1897,12
1898,6
1899,12
1900,7
1901,19
1902,0
1903,1
1904,20
1905,5
1906,17
1907,13
1908,4
1909,10
1910,4
1911,4
1912,17
1913,14
1914,13
1915,7
1916,10
1917,6
1918,0
1919,7
1920,12
1921,7
1922,7
1923,6
1924,7
1925,0
1926,7
1927,10
1928,10
1929,15
1930,2
1931,7
1932,19
1933,17
1934,10
1935,0
1936,11
1937,2
1938,2
1939,12
1940,17
1941,5
1942,4
1943,4
1944,20
1945,14
1946,7
1947,10
1948,17
1949,12
1950,4
1951,1
1952,2
1953,16
1954,19
1955,0
1956,4
1957,1
1958,13
1959,7
1960,3
1961,1
1962,9
1963,6
1964,17
1965,20
1966,7
1967,11
1968,3
1969,13
1970,14
1971,17
1972,1
1973,17
1974,4
1975,5
1976,6
1977,10
1978,17
1979,7
1980,1
1981,10
1982,14
1983,10
1984,12
1985,13
1986,17
1987,1
1988,6
1989,7
1990,20
1991,4
1992,17
1993,2
1994,1
1995,0
1996,0
1997,9
1998,3
1999,4
2000,1
2001,13
2002,10
2003,19
2004,4
2005,0
2006,16
2007,3
2008,7
2009,4
2010,3
2011,4
2012,0
2013,4
2014,4
2015,2
2016,17
2017,16
2018,1
2019,7
2020,0
2021,7
2022,4
2023,19
2024,13
2025,16
2026,9
2027,6
2028,12
2029,4
2030,20
2031,14
2032,20
2033,2
2034,0
2035,14
2036,14
2037,1
2038,16
2039,7
2040,20
2041,10
2042,14
2043,0
2044,0
2045,1
2046,10
2047,6
2048,0
2049,3
2050,7
2051,10
2052,11
2053,12
2054,11
2055,4
2056,1
2057,1
2058,0
2059,1
2060,1
2061,4
2062,4
2063,1
2064,6
2065,6
2066,16
2067,12
2068,15
2069,6
2070,7
2071,12
2072,4
2073,4
2074,4
2075,4
2076,0
2077,4
2078,10
2079,11
2080,17
2081,19
2082,4
2083,4
2084,0
2085,14
2086,0
2087,7
2088,17
2089,17
2090,20
2091,1
2092,0
2093,2
2094,13
2095,17
2096,5
2097,20
2098,0
2099,0
2100,16
2101,11
2102,12
2103,15
2104,1
2105,20
2106,1
2107,10
2108,16
2109,11
2110,13
2111,12
2112,6
2113,18
2114,17
2115,4
2116,13
2117,14
2118,4
2119,0
2120,13
2121,12
2122,0
2123,0
2124,3
2125,14
2126,4
2127,1
2128,5
2129,0
2130,0
2131,14
2132,10
2133,10
2134,1
2135,18
2136,10
2137,4
2138,3
2139,14
2140,16
2141,14
2142,4
2143,0
2144,10
2145,2
2146,0
2147,0
2148,0
2149,4
2150,13
2151,4
2152,16
2153,12
2154,10
2155,19
2156,3
2157,12
2158,14
2159,19
2160,2
2161,10
2162,0
2163,0
2164,7
2165,10
2166,6
2167,10
2168,0
2169,16
2170,0
2171,20
2172,13
2173,12
2174,4
2175,19
2176,20
2177,14
2178,0
2179,12
2180,0
2181,4
2182,1
2183,4
2184,17
2185,5
2186,16
2187,19
2188,10
2189,15
2190,4
2191,0
2192,10
2193,17
2194,10
2195,12
2196,1
2197,9
2198,10
2199,1
2200,20
2201,10
2202,12
2203,3
2204,7
2205,7
2206,4
2207,0
2208,7
2209,17
2210,6
2211,4
2212,0
2213,1
2214,0
2215,20
2216,10
2217,17
2218,6
2219,3
2220,17
2221,1
2222,2
2223,12
2224,5
2225,7
2226,14
2227,12
2228,0
2229,1
2230,11
2231,14
2232,3
2233,1
2234,10
2235,10
2236,6
2237,4
2238,10
2239,12
2240,5
2241,4
2242,2
2243,10
2244,10
2245,0
2246,2
2247,12
2248,5
2249,19
2250,14
2251,1
2252,0
2253,5
2254,6
2255,15
2256,4
2257,4
2258,16
2259,20
2260,5
2261,17
2262,6
2263,7
2264,13
2265,2
2266,13
2267,1
2268,0
2269,1
2270,14
2271,0
2272,6
2273,2
2274,7
2275,13
2276,9
2277,17
2278,7
2279,6
2280,11
2281,2
2282,18
2283,20
2284,10
2285,17
2286,0
2287,10
2288,1
2289,0
2290,1
2291,15
2292,3
2293,13
2294,11
2295,6
2296,13
2297,17
2298,10
2299,13
2300,12
2301,12
2302,17
2303,12
2304,20
2305,4
2306,17
2307,16
2308,0
2309,12
2310,4
2311,0
2312,6
2313,1
2314,7
2315,0
2316,9
2317,7
2318,7
2319,1
2320,7
2321,13
2322,3
2323,17
2324,4
2325,4
2326,10
2327,7
2328,15
2329,7
2330,1
2331,14
2332,6
2333,7
2334,17
2335,18
2336,17
2337,17
2338,3
2339,2
2340,1
2341,3
2342,1
2343,12
2344,16
2345,10
2346,1
2347,12
2348,8
2349,4
2350,0
2351,13
2352,9
2353,11
2354,9
2355,16
2356,14
2357,6
2358,13
2359,6
2360,7
2361,14
2362,14
2363,9
2364,7
2365,16
2366,9
2367,13
2368,14
2369,1
2370,7
2371,7
2372,7
2373,14
2374,7
2375,1
2376,0
2377,3
2378,18
2379,4
2380,9
2381,13
2382,14
2383,17
2384,2
2385,0
2386,17
2387,5
2388,16
2389,6
2390,18
2391,3
2392,13
2393,6
2394,7
2395,0
2396,11
2397,0
2398,17
2399,16
2400,4
2401,17
2402,4
2403,7
2404,8
2405,12
2406,16
2407,1
2408,9
2409,7
2410,14
2411,13
2412,7
2413,1
2414,7
2415,7
2416,1
2417,10
2418,0
2419,7
2420,7
2421,9
2422,9
2423,17
2424,14
2425,0
2426,14
2427,17
2428,2
2429,4
2430,4
2431,4
2432,4
2433,4
2434,4
2435,7
2436,4
2437,1
2438,17
2439,17
2440,6
2441,17
2442,0
2443,4
2444,0
2445,7
2446,14
2447,6
2448,13
2449,16
2450,12
2451,7
2452,7
2453,0
2454,7
2455,5
2456,0
2457,7
2458,7
2459,1
2460,4
2461,1
2462,7
2463,4
2464,6
2465,15
2466,10
2467,1
2468,4
2469,18
2470,13
2471,18
2472,12
2473,12
2474,18
2475,12
2476,0
2477,1
2478,1
2479,20
2480,14
2481,3
2482,13
2483,5
2484,14
2485,12
2486,7
2487,2
2488,9
2489,12
2490,7
2491,2
2492,2
2493,4
2494,4
2495,1
2496,14
2497,18
2498,0
2499,1
2500,15
2501,13
2502,17
2503,7
2504,7
2505,14
2506,4
2507,3
2508,5
2509,7
2510,7
2511,14
2512,1
2513,14
2514,12
2515,6
2516,9
2517,7
2518,2
2519,2
2520,17
2521,11
2522,17
2523,9
2524,1
2525,13
2526,15
2527,0
2528,9
2529,0
2530,7
2531,13
2532,3
2533,6
2534,2
2535,13
2536,11
2537,13
2538,7
2539,6
2540,5
2541,13
2542,0
2543,1
2544,13
2545,13
2546,0
2547,6
2548,13
2549,7
2550,12
2551,9
2552,7
2553,1
2554,7
2555,4
2556,19
2557,17
2558,10
2559,6
2560,15
2561,0
2562,13
2563,20
2564,5
2565,17
2566,0
2567,17
2568,0
2569,14
2570,17
2571,14
2572,16
2573,6
2574,7
2575,17
2576,7
2577,7
2578,15
2579,1
2580,11
2581,1
2582,7
2583,1
2584,15
2585,20
2586,7
2587,13
2588,0
2589,4
2590,1
2591,7
2592,16
2593,7
2594,4
2595,7
2596,0
2597,17
2598,12
2599,14
2600,16
2601,12
2602,17
2603,0
2604,7
2605,7
2606,0
2607,1
2608,12
2609,7
2610,3
2611,3
2612,1
2613,7
2614,7
2615,7
2616,15
2617,4
2618,12
2619,4
2620,0
2621,6
2622,1
2623,0
2624,7
2625,1
2626,1
2627,2
2628,11
2629,5
2630,1
2631,0
2632,9
2633,1
2634,0
2635,12
2636,20
2637,14
2638,6
2639,12
2640,6
2641,0
2642,17
2643,15
2644,7
2645,17
2646,11
2647,17
2648,16
2649,7
2650,14
2651,20
2652,7
2653,9
2654,7
2655,13
2656,10
2657,7
2658,14
2659,17
2660,13
2661,17
2662,4
2663,7
2664,11
2665,16
2666,6
2667,4
2668,0
2669,6
2670,12
2671,7
2672,7
2673,4
2674,18
2675,20
2676,7
2677,6
2678,4
2679,12
2680,4
2681,4
2682,7
2683,0
2684,7
2685,0
2686,10
2687,17
2688,12
2689,7
2690,4
2691,4
2692,13
2693,4
2694,11
2695,7
2696,17
2697,2
2698,13
2699,7
2700,1
2701,6
2702,11
2703,13
2704,1
2705,1
2706,13
2707,7
2708,0
2709,17
2710,4
2711,19
2712,7
2713,4
2714,4
2715,4
2716,4
2717,4
2718,12
2719,0
2720,14
2721,7
2722,9
2723,2
2724,7
2725,11
2726,11
2727,12
2728,7
2729,11
2730,7
2731,17
2732,17
2733,4
2734,7
2735,12
2736,3
2737,2
2738,7
2739,17
2740,14
2741,17
2742,14
2743,17
2744,1
2745,14
2746,4
2747,4
2748,12
2749,15
2750,16
2751,15
2752,20
2753,12
2754,7
2755,4
2756,2
2757,8
2758,7
2759,0
2760,6
2761,16
2762,4
2763,7
2764,7
2765,7
2766,0
2767,17
2768,7
2769,1
2770,1
2771,17
2772,2
2773,1
2774,4
2775,14
2776,4
2777,13
2778,7
2779,17
2780,4
2781,4
2782,17
2783,20
2784,13
2785,4
2786,4
2787,1
2788,4
2789,20
2790,7
2791,4
2792,7
2793,2
2794,13
2795,14
2796,7
2797,20
2798,0
2799,4
2800,3
2801,20
2802,7
2803,0
2804,19
2805,10
2806,11
2807,16
2808,7
2809,10
2810,19
2811,17
2812,20
2813,7
2814,17
2815,7
2816,12
2817,12
2818,14
2819,0
2820,20
2821,7
2822,4
2823,4
2824,20
2825,12
2826,17
2827,4
2828,20
2829,7
2830,0
2831,17
2832,15
2833,1
2834,20
2835,12
2836,0
2837,1
2838,17
2839,0
2840,12
2841,17
2842,4
2843,20
2844,4
2845,4
2846,4
2847,0
2848,11
2849,20
2850,7
2851,12
2852,1
2853,4
2854,4
2855,11
2856,0
2857,10
2858,1
2859,17
2860,15
2861,7
2862,2
2863,3
2864,6
2865,7
2866,17
2867,12
2868,17
2869,18
2870,14
2871,20
2872,4
2873,20
2874,2
2875,17
2876,1
2877,20
2878,4
2879,12
2880,12
2881,20
2882,20
2883,3
2884,1
2885,4
2886,3
2887,14
2888,3
2889,7
2890,4
2891,4
2892,1
2893,4
2894,11
2895,14
2896,5
2897,4
2898,14
2899,12
2900,17
2901,12
2902,16
2903,4
2904,17
2905,19
2906,5
2907,2
2908,7
2909,19
2910,4
2911,4
2912,20
2913,4
2914,7
2915,2
2916,0
2917,12
2918,17
2919,2
2920,1
2921,17
2922,12
2923,4
2924,4
2925,2
2926,12
2927,2
2928,2
2929,17
2930,4
2931,12
2932,11
2933,20
2934,0
2935,4
2936,4
2937,0
2938,15
2939,0
2940,12
2941,1
2942,12
2943,4
2944,17
2945,16
2946,0
2947,14
2948,17
2949,0
2950,14
2951,4
2952,20
2953,2
2954,14
2955,12
2956,4
2957,7
2958,17
2959,4
2960,17
2961,3
2962,4
2963,17
2964,4
2965,4
2966,0
2967,0
2968,7
2969,4
2970,4
2971,4
2972,4
2973,4
2974,11
2975,20
2976,4
2977,20
2978,2
2979,7
2980,6
2981,4
2982,4
2983,4
2984,4
2985,4
2986,4
2987,6
2988,12
2989,12
2990,1
2991,4
2992,19
2993,5
2994,15
2995,0
2996,16
2997,1
2998,7
2999,4
3000,4
3001,11
3002,15
3003,4
3004,17
3005,4
3006,0
3007,4
3008,3
3009,12
3010,1
3011,12
3012,17
3013,7
3014,6
3015,12
3016,9
3017,0
3018,12
3019,7
3020,15
3021,17
3022,7
3023,17
3024,0
3025,4
3026,4
3027,10
3028,4
3029,1
3030,4
3031,0
3032,4
3033,1
3034,7
3035,13
3036,2
3037,2
3038,3
3039,8
3040,4
3041,1
3042,2
3043,16
3044,1
3045,4
3046,4
3047,2
3048,0
3049,12
3050,17
3051,12
3052,3
3053,4
3054,3
3055,18
3056,12
3057,12
3058,0
3059,1
3060,2
3061,4
3062,4
3063,17
3064,4
3065,4
3066,0
3067,9
3068,4
3069,4
3070,1
3071,1
3072,0
3073,0
3074,11
3075,17
3076,4
3077,1
3078,1
3079,20
3080,7
3081,6
3082,0
3083,16
3084,4
3085,12
3086,1
3087,4
3088,16
3089,2
3090,0
3091,15
3092,20
3093,0
3094,3
3095,3
3096,5
3097,4
3098,17
3099,6
3100,15
3101,12
3102,20
3103,17
3104,12
3105,0
3106,17
3107,6
3108,11
3109,0
3110,4
3111,12
3112,10
3113,5
3114,17
3115,12
3116,0
3117,0
3118,1
3119,4
3120,2
3121,7
3122,2
3123,12
3124,7
3125,2
3126,0
3127,2
3128,7
3129,7
3130,2
3131,7
3132,4
3133,4
3134,15
3135,4
3136,11
3137,17
3138,13
3139,4
3140,14
3141,20
3142,16
3143,7
3144,4
3145,0
3146,14
3147,20
3148,4
3149,3
3150,0
3151,4
3152,4
3153,4
3154,7
3155,7
3156,12
3157,15
3158,15
3159,17
3160,7
3161,1
3162,15
3163,12
3164,7
3165,4
3166,2
3167,5
3168,0
3169,0
3170,3
3171,12
3172,12
3173,14
3174,16
3175,17
3176,6
3177,5
3178,20
3179,14
3180,12
3181,12
3182,7
3183,18
3184,7
3185,1
3186,12
3187,13
3188,16
3189,17
3190,12
3191,4
3192,0
3193,15
3194,4
3195,4
3196,14
3197,12
3198,0
3199,1
3200,7
3201,4
3202,0
3203,16
3204,16
3205,20
3206,7
3207,14
3208,0
3209,0
3210,16
3211,17
3212,1
3213,7
3214,13
3215,1
3216,0
3217,6
3218,4
3219,7
3220,0
3221,7
3222,20
3223,14
3224,0
3225,4
3226,14
3227,14
3228,1
3229,16
3230,7
3231,12
3232,2
3233,0
3234,4
3235,15
3236,7
3237,7
3238,12
3239,4
3240,0
3241,13
3242,12
3243,4
3244,2
3245,1
3246,15
3247,7
3248,4
3249,4
3250,17
3251,0
3252,4
3253,6
3254,15
3255,15
3256,14
3257,6
3258,4
3259,4
3260,20
3261,14
3262,11
3263,1
3264,15
3265,4
3266,4
3267,12
3268,20
3269,11
3270,0
3271,0
3272,7
3273,20
3274,7
3275,20
3276,17
3277,7
3278,15
3279,7
3280,17
3281,3
3282,16
3283,6
3284,4
3285,7
3286,13
3287,14
3288,6
3289,14
3290,7
3291,6
3292,14
3293,4
3294,18
3295,14
3296,4
3297,10
3298,4
3299,5
3300,2
3301,17
3302,17
3303,5
3304,20
3305,14
3306,6
3307,20
3308,17
3309,14
3310,4
3311,4
3312,20
3313,7
3314,12
3315,19
3316,4
3317,13
3318,13
3319,1
3320,1
3321,4
3322,14
3323,17
3324,14
3325,7
3326,12
3327,19
3328,18
3329,1
3330,7
3331,7
3332,16
3333,0
3334,0
3335,17
3336,4
3337,16
3338,17
3339,16
3340,20
3341,5
3342,4
3343,0
3344,7
3345,7
3346,7
3347,16
3348,4
3349,0
3350,5
3351,0
3352,17
3353,7
3354,1
3355,7
3356,18
3357,1
3358,20
3359,0
3360,4
3361,0
3362,9
3363,13
3364,17
3365,14
3366,16
3367,14
3368,18
3369,4
3370,2
3371,13
3372,16
3373,5
3374,4
3375,16
3376,17
3377,4
3378,1
3379,0
3380,0
3381,10
3382,16
3383,7
3384,9
3385,4
3386,1
3387,1
3388,0
3389,20
3390,4
3391,6
3392,12
3393,7
3394,7
3395,12
3396,5
3397,20
3398,4
3399,14
3400,7
3401,20
3402,5
3403,8
3404,14
3405,7
3406,5
3407,17
3408,4
3409,1
3410,4
3411,18
3412,17
3413,17
3414,7
3415,12
3416,2
3417,3
3418,1
3419,7
3420,7
3421,5
3422,7
3423,6
3424,20
3425,20
3426,14
3427,1
3428,7
3429,1
3430,6
3431,12
3432,12
3433,4
3434,1
3435,0
3436,0
3437,0
3438,17
3439,17
3440,14
3441,12
3442,17
3443,14
3444,20
3445,7
3446,12
3447,3
3448,14
3449,5
3450,11
3451,14
3452,7
3453,0
3454,0
3455,17
3456,20
3457,0
3458,4
3459,4
3460,0
3461,4
3462,15
3463,14
3464,14
3465,14
3466,14
3467,20
3468,17
3469,17
3470,4
3471,6
3472,16
3473,11
3474,14
3475,0
3476,1
3477,7
3478,4
3479,0
3480,4
3481,17
3482,7
3483,4
3484,0
3485,0
3486,4
3487,17
3488,4
3489,0
3490,16
3491,7
3492,17
3493,1
3494,4
3495,5
3496,2
3497,17
3498,3
3499,7
3500,7
3501,7
3502,4
3503,7
3504,15
3505,12
3506,0
3507,4
3508,4
3509,4
3510,0
3511,17
3512,16
3513,12
3514,3
3515,4
3516,12
3517,7
3518,14
3519,0
3520,0
3521,0
3522,7
3523,0
3524,4
3525,2
3526,0
3527,5
3528,1
3529,0
3530,11
3531,14
3532,2
3533,17
3534,18
3535,4
3536,10
3537,0
3538,4
3539,17
3540,3
3541,15
3542,17
3543,4
3544,12
3545,20
3546,16
3547,7
3548,7
3549,5
3550,0
3551,2
3552,16
3553,15
3554,7
3555,17
3556,5
3557,17
3558,4
3559,6
3560,14
3561,6
3562,2
3563,11
3564,18
3565,0
3566,14
3567,0
3568,2
3569,12
3570,4
3571,11
3572,10
3573,6
3574,18
3575,7
3576,0
3577,3
3578,0
3579,3
3580,1
3581,0
3582,9
3583,0
3584,20
3585,20
3586,3
3587,2
3588,0
3589,15
3590,6
3591,2
3592,9
3593,0
3594,0
3595,4
3596,17
3597,1
3598,16
3599,20
3600,3
3601,12
3602,7
3603,10
3604,12
3605,15
3606,17
3607,9
3608,17
3609,6
3610,2
3611,14
3612,0
3613,0
3614,17
3615,0
3616,7
3617,17
3618,16
3619,7
3620,4
3621,1
3622,11
3623,12
3624,10
3625,17
3626,1
3627,7
3628,7
3629,4
3630,4
3631,11
3632,18
3633,1
3634,1
3635,0
3636,6
3637,2
3638,4
3639,7
3640,0
3641,7
3642,17
3643,11
3644,17
3645,20
3646,7
3647,4
3648,0
3649,0
3650,14
3651,12
3652,15
3653,17
3654,7
3655,5
3656,17
3657,7
3658,4
3659,7
3660,12
3661,16
3662,9
3663,1
3664,0
3665,0
3666,10
3667,7
3668,14
3669,14
3670,4
3671,5
3672,2
3673,20
3674,7
3675,12
3676,12
3677,0
3678,4
3679,1
3680,7
3681,1
3682,2
3683,17
3684,5
3685,7
3686,1
3687,6
3688,0
3689,0
3690,7
3691,17
3692,15
3693,12
3694,2
3695,7
3696,15
3697,7
3698,3
3699,14
3700,1
3701,15
3702,12
3703,0
3704,7
3705,12
3706,0
3707,7
3708,12
3709,10
3710,0
3711,17
3712,7
3713,17
3714,5
3715,12
3716,17
3717,17
3718,1
3719,7
3720,15
3721,18
3722,14
3723,6
3724,4
3725,17
3726,7
3727,4
3728,4
3729,1
3730,17
3731,17
3732,4
3733,4
3734,0
3735,1
3736,14
3737,7
3738,11
3739,5
3740,0
3741,0
3742,7
3743,0
3744,9
3745,5
3746,13
3747,4
3748,0
3749,4
3750,12
3751,1
3752,7
3753,7
3754,14
3755,12
3756,7
3757,5
3758,6
3759,0
3760,17
3761,6
3762,2
3763,1
3764,3
3765,1
3766,0
3767,4
3768,15
3769,3
3770,1
3771,17
3772,6
3773,0
3774,12
3775,4
3776,4
3777,0
3778,2
3779,0
3780,11
3781,0
3782,7
3783,1
3784,20
3785,0
3786,0
3787,0
3788,0
3789,17
3790,18
3791,6
3792,4
3793,4
3794,4
3795,14
3796,7
3797,7
3798,0
3799,1
3800,12
3801,0
3802,9
3803,6
3804,1
3805,4
3806,19
3807,7
3808,6
3809,7
3810,15
3811,17
3812,7
3813,15
3814,17
3815,3
3816,3
3817,17
3818,12
3819,17
3820,20
3821,20
3822,7
3823,17
3824,1
3825,1
3826,2
3827,20
3828,1
3829,4
3830,6
3831,7
3832,1
3833,2
3834,7
3835,8
3836,17
3837,14
3838,14
3839,0
3840,18
3841,16
3842,10
3843,4
3844,12
3845,0
3846,7
3847,15
3848,0
3849,3
3850,12
3851,16
3852,14
3853,14
3854,17
3855,20
3856,14
3857,9
3858,0
3859,17
3860,4
3861,17
3862,0
3863,20
3864,10
3865,14
3866,3
3867,12
3868,17
3869,17
3870,4
3871,1
3872,2
3873,7
3874,0
3875,0
3876,1
3877,16
3878,3
3879,7
3880,2
3881,14
3882,16
3883,4
3884,12
3885,7
3886,4
3887,17
3888,6
3889,4
3890,16
3891,20
3892,6
3893,16
3894,0
3895,0
3896,17
3897,11
3898,17
3899,14
3900,14
3901,5
3902,0
3903,10
3904,17
3905,17
3906,14
3907,0
3908,17
3909,20
3910,0
3911,4
3912,17
3913,4
3914,3
3915,4
3916,9
3917,18
3918,0
3919,17
3920,14
3921,4
3922,2
3923,12
3924,12
3925,2
3926,16
3927,0
3928,5
3929,3
3930,5
3931,7
3932,6
3933,0
3934,18
3935,12
3936,2
3937,2
3938,7
3939,20
3940,17
3941,4
3942,7
3943,16
3944,1
3945,12
3946,0
3947,12
3948,0
3949,4
3950,4
3951,1
3952,12
3953,4
3954,0
3955,0
3956,11
3957,7
3958,1
3959,14
3960,1
3961,0
3962,20
3963,16
3964,11
3965,0
3966,2
3967,2
3968,7
3969,2
3970,4
3971,6
3972,7
3973,0
3974,5
3975,0
3976,14
3977,13
3978,9
3979,4
3980,0
3981,13
3982,0
3983,7
3984,16
3985,7
3986,4
3987,14
3988,12
3989,16
3990,7
3991,4
3992,0
3993,7
3994,17
3995,14
3996,17
3997,0
3998,17
3999,7
4000,1
4001,16
4002,13
4003,0
4004,7
4005,7
4006,12
4007,1
4008,7
4009,14
4010,17
4011,4
4012,1
4013,0
4014,3
4015,0
4016,14
4017,20
4018,17
4019,6
4020,20
4021,14
4022,9
4023,5
4024,6
4025,7
4026,7
4027,4
4028,3
4029,7
4030,0
4031,12
4032,6
4033,0
4034,4
4035,1
4036,16
4037,6
4038,16
4039,20
4040,3
4041,15
4042,15
4043,3
4044,13
4045,17
4046,4
4047,1
4048,11
4049,6
4050,14
4051,2
4052,18
4053,3
4054,0
4055,10
4056,6
4057,6
4058,14
4059,18
4060,6
4061,7
4062,1
4063,0
4064,5
4065,0
4066,20
4067,3
4068,15
4069,15
4070,17
4071,6
4072,6
4073,6
4074,16
4075,17
4076,2
4077,15
4078,17
4079,1
4080,12
4081,20
4082,14
4083,13
4084,6
4085,10
4086,4
4087,3
4088,7
4089,6
4090,17
4091,0
4092,4
4093,17
4094,0
4095,15
4096,7
4097,7
4098,17
4099,6
4100,4
4101,10
4102,16
4103,16
4104,7
4105,16
4106,0
4107,17
4108,3
4109,7
4110,15
4111,18
4112,17
4113,14
4114,15
4115,7
4116,4
4117,3
4118,1
4119,16
4120,7
4121,19
4122,4
4123,18
4124,2
4125,17
4126,17
4127,6
4128,11
4129,6
4130,7
4131,17
4132,4
4133,12
4134,10
4135,16
4136,7
4137,7
4138,14
4139,0
4140,17
4141,7
4142,5
4143,4
4144,1
4145,17
4146,7
4147,7
4148,1
4149,0
4150,20
4151,14
4152,17
4153,1
4154,17
4155,20
4156,18
4157,10
4158,9
4159,20
4160,0
4161,14
4162,7
4163,1
4164,14
4165,7
4166,20
4167,6
4168,0
4169,7
4170,16
4171,7
4172,11
4173,3
4174,0
4175,7
4176,17
4177,16
4178,20
4179,13
4180,7
4181,18
4182,1
4183,7
4184,14
4185,7
4186,20
4187,7
4188,14
4189,17
4190,15
4191,17
4192,13
4193,4
4194,13
4195,14
4196,1
4197,4
4198,9
4199,7
4200,0
4201,7
4202,18
4203,7
4204,15
4205,1
4206,1
4207,0
4208,0
4209,17
4210,5
4211,18
4212,7
4213,0
4214,7
4215,17
4216,4
4217,17
4218,17
4219,0
4220,4
4221,17
4222,17
4223,1
4224,3
4225,6
4226,19
4227,18
4228,17
4229,13
4230,18
4231,20
4232,4
4233,3
4234,2
4235,3
4236,14
4237,16
4238,7
4239,17
4240,7
4241,7
4242,7
4243,17
4244,12
4245,7
4246,4
4247,4
4248,17
4249,0
4250,7
4251,3
4252,11
4253,17
4254,12
4255,2
4256,16
4257,17
4258,17
4259,16
4260,6
4261,6
4262,7
4263,1
4264,12
4265,13
4266,7
4267,20
4268,18
4269,7
4270,7
4271,17
4272,13
4273,1
4274,16
4275,0
4276,16
4277,7
4278,16
4279,17
4280,13
4281,0
4282,9
4283,7
4284,0
4285,17
4286,7
4287,9
4288,14
4289,17
4290,14
4291,0
4292,9
4293,10
4294,18
4295,6
4296,15
4297,14
4298,2
4299,4
4300,11
4301,1
4302,2
4303,0
4304,17
4305,7
4306,0
4307,0
4308,0
4309,4
4310,13
4311,18
4312,7
4313,17
4314,4
4315,6
4316,14
4317,5
4318,7
4319,5
4320,7
4321,6
4322,4
4323,5
4324,0
4325,13
4326,17
4327,3
4328,14
4329,6
4330,6
4331,3
4332,2
4333,1
4334,0
4335,0
4336,20
4337,5
4338,2
4339,17
4340,17
4341,0
4342,12
4343,1
4344,14
4345,17
4346,20
4347,0
4348,2
4349,2
4350,12
4351,4
4352,7
4353,14
4354,14
4355,16
4356,9
4357,17
4358,4
4359,9
4360,15
4361,17
4362,14
4363,18
4364,16
4365,15
4366,0
4367,17
4368,7
4369,16
4370,4
4371,17
4372,12
4373,4
4374,5
4375,5
4376,0
4377,17
4378,4
4379,1
4380,4
4381,18
4382,4
4383,0
4384,4
4385,5
4386,4
4387,3
4388,4
4389,0
4390,4
4391,4
4392,4
4393,4
4394,6
4395,1
4396,4
4397,4
4398,4
4399,4
4400,4
4401,14
4402,15
4403,1
4404,14
4405,16
4406,4
4407,2
4408,14
4409,19
4410,4
4411,4
4412,13
4413,4
4414,0
4415,4
4416,15
4417,0
4418,12
4419,15
4420,0
4421,5
4422,4
4423,7
4424,7
4425,17
4426,0
4427,14
4428,5
4429,0
4430,14
4431,12
4432,0
4433,7
4434,7
4435,12
4436,5
4437,0
4438,6
4439,1
4440,4
4441,15
4442,2
4443,12
4444,3
4445,18
4446,5
4447,14
4448,12
4449,15
4450,14
4451,7
4452,0
4453,20
4454,7
4455,2
4456,14
4457,4
4458,1
4459,14
4460,20
4461,0
4462,7
4463,1
4464,4
4465,11
4466,6
4467,7
4468,12
4469,12
4470,6
4471,16
4472,1
4473,7
4474,4
4475,1
4476,7
4477,12
4478,13
4479,0
4480,18
4481,1
4482,6
4483,17
4484,4
4485,8
4486,7
4487,7
4488,4
4489,5
4490,4
4491,13
4492,10
4493,0
4494,4
4495,2
4496,0
4497,7
4498,6
4499,7
4500,17
4501,0
4502,1
4503,0
4504,7
4505,16
4506,4
4507,20
4508,7
4509,7
4510,7
4511,1
4512,0
4513,3
4514,13
4515,4
4516,1
4517,0
4518,7
4519,4
4520,12
4521,1
4522,2
4523,2
4524,14
4525,20
4526,0
4527,14
4528,6
4529,1
4530,4
4531,7
4532,12
4533,4
4534,19
4535,12
4536,1
4537,12
4538,19
4539,14
4540,10
4541,0
4542,2
4543,1
4544,16
4545,7
4546,12
4547,2
4548,10
4549,16
4550,12
4551,0
4552,16
4553,9
4554,9
4555,16
4556,14
4557,14
4558,7
4559,0
4560,9
4561,10
4562,6
4563,12
4564,14
4565,17
4566,4
4567,4
4568,0
4569,17
4570,7
4571,10
4572,16
4573,4
4574,10
4575,7
4576,7
4577,0
4578,4
4579,13
4580,1
4581,0
4582,1
4583,0
4584,7
4585,4
4586,14
4587,4
4588,17
4589,20
4590,15
4591,4
4592,1
4593,16
4594,18
4595,4
4596,4
4597,3
4598,0
4599,0
4600,14
4601,7
4602,2
4603,15
4604,15
4605,10
4606,0
4607,0
4608,4
4609,4
4610,4
4611,4
4612,12
4613,1
4614,17
4615,20
4616,6
4617,14
4618,1
4619,17
4620,4
4621,12
4622,16
4623,12
4624,7
4625,14
4626,1
4627,6
4628,4
4629,4
4630,4
4631,0
4632,0
4633,20
4634,4
4635,2
4636,9
4637,4
4638,11
4639,4
4640,7
4641,0
4642,0
4643,1
4644,6
4645,6
4646,20
4647,4
4648,13
4649,7
4650,0
4651,7
4652,12
4653,20
4654,1
4655,17
4656,14
4657,4
4658,14
4659,4
4660,15
4661,4
4662,4
4663,7
4664,2
4665,1
4666,14
4667,14
4668,7
4669,5
4670,12
4671,13
4672,16
4673,7
4674,4
4675,14
4676,6
4677,2
4678,13
4679,0
4680,15
4681,7
4682,0
4683,0
4684,1
4685,1
4686,14
4687,9
4688,12
4689,10
4690,17
4691,7
4692,1
4693,7
4694,18
4695,12
4696,10
4697,6
4698,0
4699,4
4700,17
4701,11
4702,7
4703,20
4704,0
4705,14
4706,0
4707,0
4708,0
4709,16
4710,17
4711,17
4712,17
4713,1
4714,2
4715,16
4716,17
4717,7
4718,9
4719,2
4720,11
4721,12
4722,7
4723,6
4724,5
4725,16
4726,0
4727,19
4728,16
4729,11
4730,17
4731,14
4732,18
4733,1
4734,3
4735,20
4736,16
4737,1
4738,3
4739,3
4740,7
4741,3
4742,13
4743,15
4744,4
4745,1
4746,4
4747,16
4748,0
4749,0
4750,15
4751,4
4752,1
4753,0
4754,7
4755,16
4756,17
4757,13
4758,0
4759,17
4760,15
4761,14
4762,11
4763,10
4764,16
4765,16
4766,9
4767,4
4768,1
4769,7
4770,4
4771,17
4772,1
4773,14
4774,17
4775,3
4776,2
4777,0
4778,3
4779,12
4780,6
4781,1
4782,0
4783,6
4784,14
4785,6
4786,11
4787,7
4788,2
4789,2
4790,4
4791,7
4792,6
4793,0
4794,16
4795,7
4796,17
4797,1
4798,4
4799,4
4800,4
4801,1
4802,16
4803,1
4804,1
4805,17
4806,2
4807,0
4808,4
4809,12
4810,1
4811,14
4812,9
4813,14
4814,18
4815,6
4816,1
4817,17
4818,18
4819,11
4820,19
4821,0
4822,4
4823,7
4824,17
4825,12
4826,0
4827,20
4828,0
4829,10
4830,1
4831,14
4832,16
4833,9
4834,20
4835,16
4836,5
4837,1
4838,6
4839,6
4840,12
4841,1
4842,1
4843,7
4844,1
4845,2
4846,12
4847,6
4848,4
4849,3
4850,17
4851,0
4852,7
4853,13
4854,12
4855,7
4856,14
4857,1
4858,14
4859,2
4860,4
4861,0
4862,9
4863,20
4864,14
4865,12
4866,16
4867,17
4868,6
4869,3
4870,12
4871,1
4872,11
4873,4
4874,0
4875,17
4876,4
4877,4
4878,3
4879,9
4880,16
4881,11
4882,10
4883,14
4884,1
4885,17
4886,2
4887,0
4888,4
4889,1
4890,17
4891,12
4892,17
4893,7
4894,3
4895,6
4896,16
4897,1
4898,12
4899,20
4900,7
4901,14
4902,12
4903,15
4904,1
4905,17
4906,7
4907,15
4908,12
4909,12
4910,0
4911,20
4912,1
4913,1
4914,12
4915,20
4916,0
4917,12
4918,0
4919,1
4920,15
4921,17
4922,18
4923,0
4924,6
4925,10
4926,0
4927,3
4928,1
4929,17
4930,17
4931,7
4932,15
4933,0
4934,17
4935,4
4936,0
4937,4
4938,7
4939,11
4940,20
4941,12
4942,0
4943,17
4944,0
4945,1
4946,17
4947,2
4948,4
4949,16
4950,17
4951,14
4952,12
4953,0
4954,13
4955,15
4956,2
4957,7
4958,17
4959,1
4960,7
4961,6
4962,17
4963,0
4964,10
4965,14
4966,4
4967,20
4968,19
4969,12
4970,7
4971,0
4972,2
4973,20
4974,0
4975,11
4976,4
4977,14
4978,2
4979,1
4980,1
4981,12
4982,16
4983,0
4984,0
4985,12
4986,8
4987,17
4988,0
4989,4
4990,14
4991,2
4992,17
4993,17
4994,20
4995,7
4996,10
4997,4
4998,13
4999,4
5000,2
5001,17
5002,12
5003,1
5004,16
5005,3
5006,4
5007,20
5008,16
5009,15
5010,4
5011,15
5012,4
5013,0
5014,6
5015,1
5016,12
5017,12
5018,7
5019,13
5020,6
5021,7
5022,20
5023,1
5024,20
5025,17
5026,14
5027,12
5028,4
5029,1
5030,4
5031,17
5032,13
5033,15
5034,17
5035,7
5036,12
5037,20
5038,4
5039,12
5040,6
5041,2
5042,6
5043,6
5044,0
5045,16
5046,6
5047,7
5048,12
5049,4
5050,7
5051,16
5052,4
5053,2
5054,16
5055,1
5056,7
5057,17
5058,16
5059,17
5060,19
5061,16
5062,10
5063,4
5064,14
5065,1
5066,13
5067,7
5068,0
5069,2
5070,7
5071,17
5072,2
5073,0
5074,6
5075,3
5076,2
5077,7
5078,4
5079,12
5080,4
5081,1
5082,4
5083,4
5084,17
5085,1
5086,6
5087,17
5088,16
5089,19
5090,17
5091,14
5092,7
5093,10
5094,1
5095,11
5096,16
5097,7
5098,0
5099,6
5100,0
5101,12
5102,16
5103,20
5104,7
5105,1
5106,0
5107,9
5108,6
5109,15
5110,2
5111,13
5112,0
5113,10
5114,12
5115,6
5116,0
5117,10
5118,0
5119,7
5120,7
5121,0
5122,12
5123,2
5124,0
5125,11
5126,5
5127,7
5128,17
5129,1
5130,1
5131,7
5132,11
5133,17
5134,7
5135,12
5136,18
5137,17
5138,16
5139,6
5140,17
5141,1
5142,4
5143,0
5144,7
5145,1
5146,0
5147,20
5148,1
5149,3
5150,19
5151,4
5152,7
5153,16
5154,16
5155,14
5156,1
5157,4
5158,7
5159,4
5160,4
5161,17
5162,6
5163,17
5164,6
5165,6
5166,15
5167,7
5168,4
5169,4
5170,17
5171,11
5172,10
5173,1
5174,9
5175,10
5176,14
5177,0
5178,12
5179,11
5180,7
5181,7
5182,20
5183,20
5184,4
5185,12
5186,16
5187,9
5188,7
5189,0
5190,4
5191,7
5192,12
5193,7
5194,7
5195,7
5196,3
5197,4
5198,1
5199,15
5200,7
5201,4
5202,6
5203,13
5204,1
5205,7
5206,0
5207,4
5208,1
5209,17
5210,1
5211,2
5212,0
5213,9
5214,6
5215,2
5216,17
5217,0
5218,4
5219,7
5220,1
5221,12
5222,10
5223,1
5224,4
5225,0
5226,10
5227,0
5228,0
5229,12
5230,7
5231,4
5232,5
5233,0
5234,4
5235,14
5236,7
5237,16
5238,7
5239,0
5240,4
5241,1
5242,10
5243,4
5244,1
5245,0
5246,10
5247,14
5248,14
5249,6
5250,17
5251,20
5252,13
5253,4
5254,10
5255,16
5256,2
5257,4
5258,6
5259,7
5260,12
5261,14
5262,7
5263,4
5264,1
5265,1
5266,7
5267,2
5268,0
5269,12
5270,0
5271,7
5272,20
5273,0
5274,17
5275,4
5276,20
5277,7
5278,14
5279,4
5280,2
5281,4
5282,2
5283,16
5284,4
5285,16
5286,8
5287,13
5288,2
5289,4
5290,1
5291,0
5292,12
5293,2
5294,7
5295,0
5296,12
5297,17
5298,2
5299,20
5300,17
5301,10
5302,6
5303,9
5304,4
5305,17
5306,5
5307,7
5308,0
5309,1
5310,0
5311,1
5312,0
5313,0
5314,12
5315,4
5316,0
5317,17
5318,17
5319,5
5320,4
5321,17
5322,20
5323,7
5324,7
5325,2
5326,7
5327,4
5328,5
5329,0
5330,14
5331,4
5332,7
5333,13
5334,14
5335,7
5336,3
5337,17
5338,17
5339,3
5340,3
5341,7
5342,9
5343,1
5344,17
5345,3
5346,6
5347,5
5348,2
5349,5
5350,1
5351,5
5352,6
5353,3
5354,0
5355,0
5356,20
5357,7
5358,16
5359,12
5360,16
5361,13
5362,13
5363,3
5364,12
5365,12
5366,4
5367,17
5368,15
5369,12
5370,11
5371,4
5372,12
5373,7
5374,0
5375,17
5376,3
5377,18
5378,7
5379,4
5380,14
5381,4
5382,1
5383,3
5384,12
5385,14
5386,1
5387,4
5388,7
5389,0
5390,7
5391,1
5392,7
5393,0
5394,1
5395,6
5396,0
5397,17
5398,1
5399,4
5400,1
5401,0
5402,10
5403,0
5404,7
5405,0
5406,17
5407,20
5408,1
5409,2
5410,19
5411,12
5412,1
5413,10
5414,7
5415,5
5416,17
5417,0
5418,12
5419,19
5420,17
5421,7
5422,5
5423,2
5424,4
5425,14
5426,19
5427,6
5428,1
5429,1
5430,1
5431,13
5432,17
5433,7
5434,18
5435,4
5436,11
5437,14
5438,13
5439,2
5440,7
5441,7
5442,12
5443,4
5444,0
5445,1
5446,2
5447,19
5448,12
5449,12
5450,1
5451,6
5452,4
5453,7
5454,17
5455,1
5456,12
5457,2
5458,10
5459,4
5460,0
5461,17
5462,0
5463,7
5464,0
5465,12
5466,0
5467,12
5468,12
5469,7
5470,7
5471,1
5472,1
5473,12
5474,4
5475,0
5476,1
5477,7
5478,1
5479,14
5480,12
5481,7
5482,6
5483,17
5484,4
5485,0
5486,17
5487,15
5488,7
5489,17
5490,7
5491,4
5492,12
5493,17
5494,4
5495,7
5496,4
5497,1
5498,19
5499,20
5500,2
5501,2
5502,9
5503,7
5504,4
5505,14
5506,7
5507,20
5508,0
5509,4
5510,1
5511,17
5512,1
5513,10
5514,4
5515,16
5516,0
5517,17
5518,15
5519,1
5520,6
5521,14
5522,0
5523,10
5524,10
5525,2
5526,1
5527,1
5528,6
5529,4
5530,17
5531,17
5532,2
5533,16
5534,15
5535,16
5536,1
5537,12
5538,20
5539,1
5540,7
5541,7
5542,17
5543,15
5544,16
5545,14
5546,4
5547,4
5548,9
5549,15
5550,20
5551,7
5552,3
5553,1
5554,10
5555,6
5556,14
5557,10
5558,1
5559,17
5560,3
5561,1
5562,7
5563,20
5564,17
5565,7
5566,3
5567,4
5568,1
5569,1
5570,9
5571,4
5572,1
5573,0
5574,7
5575,4
5576,1
5577,1
5578,7
5579,7
5580,0
5581,1
5582,15
5583,0
5584,4
5585,20
5586,17
5587,20
5588,0
5589,12
5590,0
5591,1
5592,16
5593,0
5594,20
5595,12
5596,4
5597,4
5598,7
5599,0
5600,1
5601,0
5602,7
5603,15
5604,2
5605,14
5606,4
5607,3
5608,1
5609,1
5610,7
5611,1
5612,0
5613,0
5614,7
5615,1
5616,14
5617,4
5618,4
5619,14
5620,7
5621,15
5622,11
5623,7
5624,1
5625,16
5626,0
5627,4
5628,14
5629,17
5630,12
5631,4
5632,1
5633,14
5634,9
5635,7
5636,10
5637,1
5638,4
5639,17
5640,17
5641,10
5642,1
5643,4
5644,2
5645,4
5646,1
5647,17
5648,4
5649,12
5650,6
5651,0
5652,1
5653,4
5654,6
5655,15
5656,14
5657,0
5658,0
5659,2
5660,15
5661,10
5662,20
5663,4
5664,4
5665,16
5666,7
5667,3
5668,1
5669,4
5670,1
5671,4
5672,1
5673,7
5674,14
5675,20
5676,1
5677,17
5678,2
5679,20
5680,7
5681,0
5682,9
5683,16
5684,17
5685,16
5686,0
5687,4
5688,0
5689,4
5690,14
5691,7
5692,4
5693,12
5694,3
5695,14
5696,0
5697,14
5698,15
5699,14
5700,7
5701,0
5702,1
5703,4
5704,4
5705,17
5706,12
5707,1
5708,4
5709,15
5710,7
5711,1
5712,7
5713,2
5714,4
5715,10
5716,0
5717,14
5718,7
5719,0
5720,11
5721,20
5722,12
5723,15
5724,2
5725,1
5726,4
5727,20
5728,10
5729,0
5730,11
5731,11
5732,4
5733,14
5734,6
5735,1
5736,15
5737,12
5738,7
5739,1
5740,13
5741,12
5742,0
5743,4
5744,4
5745,15
5746,0
5747,0
5748,2
5749,1
5750,0
5751,0
5752,17
5753,1
5754,2
5755,10
5756,10
5757,1
5758,1
5759,12
5760,20
5761,6
5762,1
5763,12
5764,11
5765,14
5766,2
5767,7
5768,14
5769,0
5770,7
5771,7
5772,6
5773,4
5774,11
5775,12
5776,0
5777,12
5778,5
5779,17
5780,2
5781,0
5782,1
5783,10
5784,7
5785,6
5786,20
5787,0
5788,17
5789,0
5790,4
5791,17
5792,2
5793,17
5794,1
5795,7
5796,7
5797,0
5798,5
5799,18
5800,16
5801,0
5802,10
5803,7
5804,0
5805,1
5806,7
5807,7
5808,7
5809,16
5810,4
5811,7
5812,7
5813,0
5814,20
5815,0
5816,17
5817,4
5818,6
5819,0
5820,15
5821,4
5822,12
5823,12
5824,4
5825,4
5826,2
5827,17
5828,4
5829,4
5830,1
5831,0
5832,0
5833,16
5834,0
5835,0
5836,7
5837,7
5838,1
5839,0
5840,7
5841,4
5842,1
5843,10
5844,3
5845,16
5846,4
5847,20
5848,17
5849,7
5850,20
5851,1
5852,19
5853,7
5854,7
5855,7
5856,2
5857,4
5858,7
5859,4
5860,1
5861,9
5862,14
5863,1
5864,17
5865,6
5866,3
5867,14
5868,7
5869,14
5870,4
5871,17
5872,12
5873,4
5874,4
5875,7
5876,12
5877,0
5878,7
5879,1
5880,17
5881,7
5882,0
5883,4
5884,1
5885,20
5886,20
5887,20
5888,20
5889,20
5890,4
5891,2
5892,7
5893,0
5894,1
5895,0
5896,20
5897,0
5898,17
5899,7
5900,7
5901,16
5902,11
5903,12
5904,20
5905,4
5906,2
5907,4
5908,20
5909,20
5910,17
5911,1
5912,0
5913,2
5914,4
5915,20
5916,1
5917,12
5918,0
5919,1
5920,6
5921,3
5922,7
5923,0
5924,0
5925,7
5926,14
5927,1
5928,0
5929,17
5930,7
5931,14
5932,2
5933,14
5934,0
5935,4
5936,12
5937,1
5938,15
5939,12
5940,0
5941,1
5942,1
5943,10
5944,2
5945,1
5946,16
5947,13
5948,17
5949,4
5950,4
5951,1
5952,10
5953,11
5954,7
5955,4
5956,20
5957,14
5958,4
5959,0
5960,0
5961,7
5962,15
5963,5
5964,17
5965,9
5966,16
5967,7
5968,13
5969,11
5970,7
5971,20
5972,10
5973,1
5974,14
5975,1
5976,1
5977,1
5978,1
5979,1
5980,7
5981,1
5982,3
5983,1
5984,4
5985,1
5986,16
5987,15
5988,10
5989,20
5990,20
5991,4
5992,20
5993,1
5994,1
5995,0
5996,7
5997,4
5998,1
5999,17
6000,7
6001,0
6002,17
6003,15
6004,5
6005,0
6006,17
6007,4
6008,12
6009,0
6010,15
6011,15
6012,20
6013,1
6014,9
6015,1
6016,7
6017,1
6018,0
6019,16
6020,12
6021,17
6022,0
6023,12
6024,1
6025,6
6026,4
6027,4
6028,1
6029,17
6030,0
6031,7
6032,13
6033,14
6034,1
6035,15
6036,1
6037,1
6038,0
6039,6
